taille;repas;canape;age
64,82;34,13;347,36;56,4
82,25;30,23;355,81;57,1
87,26;47,64;345,87;44,8
79,31;50,76;339,26;51
88,37;35,42;358,79;89,6
79,07;36,26;345,1;65,9
102,68;80,31;336;87,9
104,42;53,38;365,68;78,3
105,86;69,85;326,83;40,6
98,36;68,96;329,46;18,2
93,38;58,23;348,29;68,7
116,21;77,57;332,28;87,4
104,63;51,37;345,93;82,3
114,38;66,9;341,08;49,1
129,35;91,19;323,67;52,2
131,39;94,1;332,31;25,9
134,9;96,53;337,93;45,9
112,43;65,17;341,69;75,3
