Individu;age;canape
1;56,4;347,36
2;57,1;355,81
3;44,8;345,87
4;51;339,26
5;89,6;358,79
6;65,9;345,1
7;87,9;336
8;78,3;365,68
9;40,6;326,83
10;18,2;329,46
11;68,7;348,29
12;87,4;332,28
13;82,3;345,93
14;49,1;341,08
15;52,2;323,67
16;25,9;332,31
17;45,9;337,93
18;75,3;341,69
